subj,alphapos,alphaneg,nLP,nloglik,AIC
A100Y89FZO4J0B,0.377928140657748,0.802792160381376,-17.5871624116738,-17.4701288826307,-30.9402577652613
A10DEO061A6L3O,0.051220044973524,0.902152331277219,-6.68628298833177,-7.00137158336391,-10.0027431667278
A10LQ8RUWDUI5U,0.547132816314462,0.488275115530378,-8.17617166019298,-7.95736955341791,-11.9147391068358
A11C9D55C41PB2,0.0290053421637765,0.399213513893716,-9.71412162382584,-9.93840344300794,-15.8768068860159
A129B5FAMFJNAT,0.255877873227334,0.629528199810662,-7.34842197592731,-7.19608050983719,-10.3921610196744
A12CY85VZUVH7J,0.689303951086496,0.611072437605063,-11.2936434057971,-11.1140114159091,-18.2280228318182
A12DBV9FNAOFEM,0.322707484780551,0.670774972651389,0.607224090710223,0.776239824134251,5.5524796482685
A12HZGOZQD5YK7,0.491570346153835,0.595809523907518,-12.2941662943092,-12.081007675036,-20.162015350072
A12ZPHBEIHN8U7,0.00930515859234421,0.0136652625973121,-15.4183932661391,-16.4418168216328,-28.8836336432656
A134J4N8MVEVAM,0.565154559820496,0.665752784880307,-20.3979838393099,-20.2039952173974,-36.4079904347948
A13I8ASC3JQ04P,0.516990897466033,0.256807296338164,-0.72593033573226,-0.559451129779298,2.8810977404414
A149MN8UN8O976,0.162220335826359,0.0991677494740467,-18.5930943624256,-18.7001150690359,-33.4002301380717
A14WLAP6TCEKO0,0.446722095114255,0.688405251084366,-4.07550121050748,-3.88771477678158,-3.77542955356316
A15781PHGW377Y,0.682026260357952,0.330099561892263,-22.6881865149066,-22.5204636582176,-41.0409273164351
A15PUZKRWJH0EY,0.354059188784528,0.808227416572853,-14.4882227217356,-14.3809468082204,-24.7618936164409
A15V8K8M4TXT9Y,0.653504489751433,0.473039257950461,-18.438326490832,-18.2380109691472,-32.4760219382944
A161AJDHLJVCLZ,0.115482261368489,0.119681462040548,-33.2219383785564,-33.3530721863009,-62.7061443726018
A1640H4RXH8NZE,0.00165248940092646,0.906257920268172,-5.60922544969335,-6.60856358284151,-9.21712716568302
A166A2M31CW2C7,0.811232783349844,0.528097255980918,-10.9592441847761,-10.8372087989199,-17.6744175978398
A16FVD94WDZNAS,0.212242152997566,0.369860804120076,-23.7271334802869,-23.6009254852792,-43.2018509705584
A16G6PPH1INQL8,0.676280704552035,0.799834561862156,-4.46224992624352,-4.35723231944068,-4.71446463888137
A16ICTTBPD7Q6Y,0.192103578089531,0.2721393465418,-54.1804617833104,-54.1016725188355,-104.203345037671
A173LV77LF3SHB,0.438304882748099,0.786259925993856,-44.3031491668394,-44.1649539739128,-84.3299079478256
A17AH7B74XRKX1,0.178738207197815,0.292218296501242,-30.3781282167907,-30.3018372417795,-56.6036744835591
A17AMTRIYI2Z2D,0.810729474522668,0.661588164178858,-27.7791639931798,-27.6781494857737,-51.3562989715474
A17I88FWG7XU6A,0.578394470709991,0.943438289634286,-32.075250270994,-32.1684016010331,-60.3368032020662
A17KIXJGFCB7ZQ,0.0756372639556298,0.18324128875631,-2.98552604521846,-3.12227503237064,-2.24455006474128
A18ABCQ0UCECNP,0.557098797999315,0.0828244321119936,50.6985378969921,50.6783709444924,105.356741888985
A18G2CLYSTENK,0.667265304742936,0.548522362621796,-16.0159787131825,-15.8209105158639,-27.6418210317277
A18U9WMYFYJPR6,0.766889711784843,0.598140296221161,-16.7004150788476,-16.5546476874148,-29.1092953748295
A192MH226Q1NT4,0.602547344479705,0.317139350491798,-22.5068719421041,-22.3234863315508,-40.6469726631015
A19C6T7B0H4PAQ,0.193961087004781,0.850789381541324,-13.6532323313687,-13.6619589428019,-23.3239178856038
A19IWFLUTW6KQU,0.183954248085746,0.847785193937609,0.804721916776899,0.791148201015275,5.58229640203055
A19L9MK673JAAG,0.586746672045019,0.545320728024737,-38.2539771761934,-38.0410423265358,-72.0820846530716
A19TL7AJ0FB1JG,0.499931201258852,0.569448497663211,2.50143704351328,2.7182381198152,9.43647623963041
A19UBZFVUWL1ES,0.727276757754679,0.877819286590042,-36.9452696734719,-36.940117579586,-69.880235159172
A19WXS1CLVLEEX,0.241415226189599,0.20803123507639,-20.320167899016,-20.2451204915531,-36.4902409831062
A1A1RNLLRZNQWB,0.558880315729623,0.493883133579816,5.43040550344516,5.64827990495945,15.2965598099189
A1A3TGZ7DKJWRW,0.00144980937489442,0.815879417126165,-13.2440751588158,-14.1555455860098,-24.3110911720197
A1AKX1C8GCVCTP,0.782634307319845,0.375730744184778,-12.6699419532142,-12.538990920032,-21.077981840064
A1B4KC5KP7FH1Z,0.682133929865934,0.358538783656558,-20.1331249137755,-19.9575857901652,-35.9151715803304
A1B4WL7N3ACF2T,0.245761123984363,0.407858144433251,-22.5505870056096,-22.3966292621278,-40.7932585242556
A1BNR1ZAF1QGWG,0.819647041618923,0.0765119121872968,-2.00463330737891,-2.14174373255595,-0.283487465111904
A1BQCRF5Q76YFY,0.196668392192947,0.403223768275105,-27.0633523464847,-26.9420774651745,-49.884154930349
A1C0SVMOXIUNWJ,0.428049962923407,0.666148608587688,-33.0826663916552,-32.8895555491087,-61.7791110982174
A1C6BL1O5L5LA9,0.427316465326232,0.617942657913728,-5.32945266203267,-5.12447697669282,-6.24895395338564
A1CE2XPYCDRHVZ,0.221483676435226,0.332608585798235,-5.3539749506176,-5.23134778238403,-6.46269556476807
A1CUTQUSPA2DPU,0.182188541644827,0.300950988140026,-9.43833910826732,-9.35565988828895,-14.7113197765779
A1D01TUSE0H5TW,0.618834881288485,0.823303743160607,30.9196067001266,31.0203831911053,66.0407663822105
A1DJDT4B5B19Q2,0.14982107632171,0.802779128283033,6.13425232838347,6.128721605753,16.257443211506
A1DS5O8MSI3ZH0,0.777354564774488,0.474476078860002,-10.1844706938422,-10.037843109204,-16.0756862184081
A1E6XEARDRWW18,0.576034149484104,0.2634424062588,-8.33593818339407,-8.17059898944999,-12.3411979789
A1EAEZ7VIHKQ2,0.55053825719117,0.379051571795461,-5.81013543151367,-5.60355115176414,-7.20710230352829
A1EUBMQ86K32XE,0.276842803296196,0.622338503158075,-21.9813700864631,-21.81744752179,-39.63489504358
A1F1BIPJR11LSR,0.0542126466329245,0.263587228260943,-45.1755166243913,-45.3222844195397,-86.6445688390795
A1F34ZP6YNI98F,0.779333346661306,0.376538435164396,-21.6258182769835,-21.492527630497,-38.985055260994
A1FHS282JP487T,0.144403005554089,0.917984519459072,-15.1896705009441,-15.3499605095384,-26.6999210190768
A1FK01GE7K8DBU,0.218344154130492,0.443776577111695,-16.5287924066826,-16.386985956985,-28.77397191397
A1FLNAFLLO3UPK,0.516178578176716,0.753112622224086,-28.4838621722685,-28.3225882472727,-52.6451764945455
A1FTPVV8F8GWXN,0.38363311452668,0.934715768583073,-27.6228778965031,-27.6953627018178,-51.3907254036357
A1FYTTGF0QACU9,0.913261520110608,0.793186719869313,-26.683545252144,-26.7769754893745,-49.5539509787491
A1GQXR6ZIWESZX,0.351700015444524,0.70161991963462,-14.3601779479728,-14.1933887551624,-24.3867775103248
A1GUUOCIDL11VX,0.189016149621735,0.835403223942239,-26.5959996684353,-26.592690124194,-49.1853802483879
A1GYO6CJMVA9ZA,0.134163790781283,0.93023225366529,-9.63296261284194,-9.83527918415997,-15.6705583683199
A1H2E85EW10IO3,0.297604711347439,0.375591781735821,-30.0874585851864,-29.9153338662775,-55.830667732555
A1H72Y9Z5NJXDS,0.203349429133007,0.283254985712194,-59.0086034024331,-58.916310695216,-113.832621390432
A1HBIE5LRTQK1L,0.192416780572847,0.245683657743413,-31.926841216365,-31.8611171434811,-59.7222342869622
A1HUM99F4LJLPS,0.503750988872766,0.415571993584225,-8.67865754976831,-8.46375689069718,-12.9275137813944
A1IFIK8J49WBER,0.238710088332692,0.940096292783747,-27.8414808971974,-27.9826731664098,-51.9653463328196
A1IMXNDHFHG2IE,0.7923688320374,0.785889487775761,-24.4798195028475,-24.4219889749453,-44.8439779498905
A1J8TVICSRC70W,0.78231239959081,0.86086648181187,-14.2459341539804,-14.2491856499106,-24.4983712998213
A1JV64BL3WCK0G,0.118987032983358,0.667826818649536,-9.20055496748096,-9.17758974277762,-14.3551794855552
A1JVO7FLPATHUB,0.28700932779783,0.928179944421358,-13.8522778714716,-13.9359926024652,-23.8719852049304
A1K8QNLYYYX21W,0.888590583301362,0.881126840807513,-9.84075647667016,-9.97932428046464,-15.9586485609293
A1K8U4ERJCTIQ5,0.24266005872993,0.31567331881805,-24.0571012759137,-23.9271670881158,-43.8543341762317
A1LAZ3AO0NYBC1,0.28981582729237,0.904532747441008,-17.6686413435715,-17.6994362077967,-31.3988724155933
A1LJ4WAEDGELVL,0.922631654984799,0.883466280712944,-13.6999429190566,-13.9073638190326,-23.8147276380652
A1LRJ2MQD4AMES,0.289508620717456,0.708811048339707,-1.04185472545676,-0.898503293710057,2.20299341257989
A1LTJHPUTL7WM9,0.858512672646139,0.641682515112297,-7.87242477927197,-7.81282906261345,-11.6256581252269
A1MB3A5MC58LK6,0.828715784520034,0.597988202561009,-7.90136654876275,-7.80170497278591,-11.6034099455718
A1MB7COX1UWGPI,0.157325109090353,0.123225739726017,-21.4747771223083,-21.5487337077627,-39.0974674155253
A1MLC8HETIE13W,0.235170806915056,0.246679618128208,-41.8357679315879,-41.7402480232093,-79.4804960464186
A1N4AZ1QXPOPXH,0.6782744936718,0.41544114800974,-1.49826378647092,-1.31056316322848,1.37887367354304
A1NBY0HAJ3146,0.373655564467951,0.325067275804581,-41.7332095121828,-41.5518227224216,-79.1036454448432
A1NGGAVIGC9O7V,0.258292314258845,0.198492484245288,-11.9914895880581,-11.9144202580594,-19.8288405161188
A1NITMHYG5YL3H,0.262685507222044,0.160373079190269,-15.8687673648296,-15.8228700740772,-27.6457401481543
A1NXHA2741IJEA,0.705301861767126,0.13927519109847,-18.2657871994152,-18.2290156057989,-32.4580312115979
A1O67YS3DU0ZHX,0.888104770378088,0.442660247804292,-19.692496452908,-19.6589596177416,-35.3179192354831
A1OQ3KL56KMQSU,0.853496638812947,0.636844261991905,-18.4115202143936,-18.3449600552384,-32.6899201104769
A1OZZG87YBPVYR,0.355508819996692,0.266278693494595,-4.74108067243175,-4.58713310238029,-5.17426620476058
A1PIGZNLSQMGNW,0.454997999905105,0.414863775883444,30.3432666324624,30.556452891189,65.1129057823779
A1PKPMAIW8KHON,0.559196023044214,0.778896620454509,-12.3850781205993,-12.2417455266949,-20.4834910533897
A1QB42OYEG1553,0.687205280244871,0.542108640845422,4.44063833079018,4.62970482389696,13.2594096477939
A1R4KVYEV07CAJ,0.968146566368263,0.688746023885305,93.7529894968035,93.5244023744815,191.048804748963
A1R5W4RQZTROD8,0.511343777744559,0.0778531283026079,-31.5775089151497,-31.6064521478108,-59.2129042956215
A1S6C6EN8MPKC3,0.50264923661087,0.334697202401055,-10.0866949171941,-9.88915280665989,-15.7783056133198
A1SDWF0ODT81WT,0.0820198764818237,0.0429290413853671,-21.6877385991134,-22.068215129315,-40.13643025863
A1SE9B4G61RALG,0.468416574515573,0.812510801716978,-15.1528749969151,-15.0320504937056,-26.0641009874112
A1SHLCA57M79E6,0.423850855797777,0.222414662867059,-11.6932490974877,-11.5509412991615,-19.101882598323
A1SN2TT588P7D2,0.534497476158719,0.21787752864312,-10.464916815091,-10.3218282377562,-16.6436564755124
A1SQHFMI1YTPT6,0.272734167670421,0.687982327444982,-14.3431070237401,-14.1991737174104,-24.3983474348207
A1SRF7085UM3HI,0.368035249503229,0.903737595661639,-30.9994471451861,-31.0043105179783,-58.0086210359566
A1T29BTOVBSEA6,0.255345632795973,0.265360253874794,-8.52637044553833,-8.41015830115207,-12.8203166023041
A1T6RFUU0OTS0M,0.848250724640151,0.511312587977913,-17.5959906584016,-17.5081578607088,-31.0163157214176
A1TFWB4P6PXA3M,0.250388830465842,0.955459533945544,-36.5902699878256,-36.7810271659873,-69.5620543319746
A1TLNLB9D87H6,0.254722795051974,0.232389797538036,-5.04497353444367,-4.94683669452194,-5.89367338904388
A1TM0YUPC90UFZ,0.776665156989454,0.112534033536339,15.6096381196288,15.5737103746995,35.147420749399
A1UL0HQUZQPMSX,0.779820702801511,0.746835187519372,6.95524000828981,7.04492908289623,18.0898581657925
A1UN7E3PNICY09,0.0516714705831133,0.0725709932765362,-18.6660333163251,-19.0337048657042,-34.0674097314084
A1VCAMP3XM62R4,0.0772241745674444,0.727364692656157,-21.8981004884697,-21.9747573261624,-39.9495146523248
A1VGZ2K3HF66TE,0.0111841380350242,0.0143374538386933,-7.82116666153824,-8.79871708593509,-13.5974341718702
A1VPE05UDNFKGV,0.20350582763273,0.500000000000015,-11.8665127019918,-11.7324757900454,-19.4649515800909
A1W2AXHN5R2J91,0.379204871897611,0.618549978169689,-16.5511755339465,-16.3540776380259,-28.7081552760518
A1WISFBL3J5Z12,0.318742622759313,0.721954116306301,-21.1841801818136,-21.035555027649,-38.071110055298
A1WJU1IQ3UTRC6,0.107228797057916,0.158265075182323,-32.090228966197,-32.1874118554676,-60.3748237109353
A1X5IZPCRLL0Z7,0.439003972101165,0.0455140876064094,-5.77063066007447,-5.90293646517486,-7.80587293034973
A1XMFODRPFWKJ7,0.267590731722299,0.891705156886249,-11.9959883750047,-12.0142193467298,-20.0284386934595
A1YILFU07P6DND,0.178401269497051,0.284185629418737,-17.7027940115827,-17.6301160351906,-31.2602320703811
A1YM0IWPC72J7V,0.817979128505399,0.348121111454576,-9.02336853187526,-8.92568426782923,-13.8513685356585
A1YPY3CKZIR1IX,0.161798039847485,0.842366980325518,-15.5274122112603,-15.5555827499374,-27.1111654998748
A1Z3NTRGIUZ240,0.150353623367494,0.448224600765177,-9.68661523551041,-9.60235529979782,-15.2047105995956
A1ZF2GZ2ZRV8OY,0.170388861703054,0.498022766687281,-13.7032619876398,-13.596603028212,-23.193206056424
A1ZHX6QVK82TIP,0.648103532519573,0.8735477673535,-35.1399363612255,-35.1009625986484,-66.2019251972968
A1ZS6ODC4COFFS,0.583379525756659,0.489619941246687,-17.5376260524563,-17.3226555192795,-30.6453110385589
A1ZWJF3V4NXN6H,0.218798750911817,0.588323139666348,-33.0734180254652,-32.935107196562,-61.870214393124
A1ZZ7YO3YASNIP,0.279351025179249,0.734178330212281,-5.35342754044924,-5.22557697249521,-6.45115394499042
A212QVOGP76UH2,0.822519725941373,0.0553294368101125,42.5435462814931,42.343631717295,88.6872634345901
A21I4DTJGWJYQJ,0.634795423558147,0.502036739949015,-19.4850714989661,-19.2794687046806,-34.5589374093612
A21UA4B0AW3F6B,0.256107476352478,0.02955523801486,-5.79532226951248,-6.06200964293458,-8.12401928586917
A221JJK7P6K22W,0.0293850911080396,0.0214859108875443,-11.2713153467258,-11.9799345977837,-19.9598691955673
A222XREQ12K58P,0.231047256331574,0.902462101533024,-12.9244488484074,-12.9808341707457,-21.9616683414914
A234BFY8K3WEIG,0.631441275687802,0.950478375040255,-32.0541451445357,-32.1817383912894,-60.3634767825788
A23OR0D1FCUVMM,0.453154058469332,0.539053643719325,-14.9920885614568,-14.7743785725928,-25.5487571451856
A247FCJEEXVQM0,0.514102921006406,0.83061201638625,97.5397757881011,97.645341560549,199.290683121098
A248TO3PTV0K5P,0.173379805846576,0.295175582433177,-11.7356170089425,-11.6629364227266,-19.3258728454532
A256FHXGSY0E5D,0.872107264007147,0.354927925559711,-34.9621462202069,-34.920459211639,-65.840918423278
A26H510D965XWQ,0.4680866189118,0.354499525340203,-9.5037350573725,-9.30155088101577,-14.6031017620315
A26M997VYVK0E6,0.834486580199578,0.160016876791501,-20.640825843742,-20.6629090561172,-37.3258181122343
A26OCMKWPBFVHV,0.284446931848159,0.125359361906227,-40.0512493541032,-40.0365185561641,-76.0730371123283
A26T6O5EFR54A9,0.267286971471086,0.86985810303585,-6.07432664935252,-6.06090937323591,-8.12181874647182
A26VS4J6JHFJ65,0.757443133260487,0.308877643973814,3.24107809163291,3.36857822359686,10.7371564471937
A27PVIL93ZMY46,0.416514700713603,0.135115334275874,-10.8115057339398,-10.7485617683154,-17.4971235366308
A27TJ5U1Z6PCHL,0.0887030679048735,0.223433959785328,-15.2582454985356,-15.3364025493873,-26.6728050987746
A27W025UEXS1G0,0.262961282786952,0.248636560328021,-13.5396904635285,-13.4281738936512,-22.8563477873024
A284YZKFFZOXQB,0.209352338863,0.430315560339009,-16.1799744481479,-16.0456691680362,-28.0913383360723
A28HYRF3QXFAXL,0.467981966650754,0.583149300488339,-19.5657273819795,-19.3514608972624,-34.7029217945249
A2916GCJERYKC2,0.502481993909387,0.848583378386553,-24.4328433771167,-24.3452735910105,-44.690547182021
A29N8JHTKLT99B,0.778046359071321,0.362846823133424,-24.2691683276757,-24.1381084442723,-44.2762168885446
A2ABVDXV8CTQ2I,0.657954733746054,0.65595406687345,-8.76529780130751,-8.58609798708137,-13.1721959741627
A2BHHEWR9PRDX8,0.224496691600864,0.352925505895809,-42.0717151780129,-41.9414860667107,-79.8829721334213
A2BZJAUH0XPO54,0.0591778371994751,0.0804742937598075,-8.65186343263554,-8.97503324369149,-13.950066487383
A2C39KTRMOM1XZ,0.258836201535389,0.308868511130888,-21.6089504913471,-21.472807142415,-38.94561428483
A2C3DWQTIKZWVW,0.00427330607690273,0.00359211204125766,-32.8235540324566,-34.2667917222441,-64.5335834444881
A2CF2BD4Q0ZDJN,0.209218031261737,0.272210040068855,-39.0882298760213,-38.9966219594673,-73.9932439189345
A2CFE6AZS73RNS,0.640004328765637,0.774630929533724,-66.6330730365078,-66.500523651869,-129.001047303738
A2CMWJEKHJ299N,0.395360716267462,0.347047276669304,0.0194985296627083,0.211588581596686,4.42317716319337
A2CYD8QD1JO0O5,0.946139178828987,0.890104429861065,-2.4622522111361,-2.74730895728122,-1.49461791456244
A2D1VSB93NNHQG,0.609387904089115,0.66198494054878,-19.124921792439,-18.9362103588561,-33.8724207177123
A2DH58G20PK6YF,0.1653576471163,0.251452060994112,-59.7699251564936,-59.7248140533264,-115.449628106653
A2DNWDHMMBSHWT,0.180403436356372,0.317542582970885,-15.8940391664127,-15.806964396481,-27.6139287929621
A2EEL9YYUHL5SK,0.392881944384421,0.799999998993457,-9.9215915145624,-9.79954842659359,-15.5990968531872
A2EQS98NBBQITC,0.448457614323623,0.534909819488782,-27.6580794136899,-27.4404961605694,-50.8809923211388
A2EZIVFW94AFCY,0.365361497289652,0.294080685418353,-9.10144451032849,-8.93297414215142,-13.8659482843028
A2F1NAZRVIW18Y,0.530668498648061,0.604154814550335,-1.3936467359754,-1.18257584541362,1.63484830917275
A2FH1TQLYUUDA6,0.019194829722512,0.0152333172569191,-23.5939566691569,-24.4531649892653,-44.9063299785307
A2FUPODRRCESB,0.787918884274468,0.463618553210838,-22.4393054831186,-22.3002403690704,-40.6004807381409
A2G1AMSSP7PFX7,0.0641417984243599,0.0621167741989527,153.657938155626,153.301989281505,310.60397856301
A2GB0RI43KU4Z,0.856547779875734,0.548519985569891,-21.0430917546,-20.9663475842631,-37.9326951685263
A2H74STYH3PLT1,0.643144110796086,0.287593033244608,-27.4614859726521,-27.29769587439,-50.5953917487801
A2HNL20X0Q9BP0,0.223574587678053,0.23676343347938,-13.3158455798332,-13.2330197644109,-22.4660395288218
A2I44H0HYHR2XM,0.0829480748172705,0.0944311177572065,-38.6903410614955,-38.9221676988506,-73.8443353977012
A2JCK494NV7TFX,0.0189573341561078,0.030332295651908,-41.4645878133017,-42.1915823751504,-80.3831647503008
A2JI5RNPPXE8QE,0.0054434713102528,0.00931221400762296,-6.28836746475727,-7.49406864068339,-10.9881372813668
A2JUHWRYPJJNUG,0.853520328027839,0.711377927457018,-8.64525928216931,-8.60253290501525,-13.2050658100305
A2KG59JUICJLP0,0.380486429028796,0.871451202310375,8.91336779192544,8.96174928747293,21.9234985749459
A2M9MD6AHXVT54,0.576874392546563,0.642743781743911,-37.3046454228397,-37.1057360359648,-70.2114720719295
A2ML7RIEEP744Z,0.157270359533975,0.41122309059264,-29.3554219487118,-29.2680520125904,-54.5361040251807
A2MVZ1Z7JJH91Z,0.273757589959938,0.237795844375823,-34.5579011924582,-34.447339648087,-64.8946792961741
A2NAKIXS3DVGAA,0.207120946475602,0.368386710344783,-30.4415425050079,-30.3192548931488,-56.6385097862976
A2O2Q0LVWOWJ1G,0.2525944660409,0.36025476915214,-3.13175268141788,-2.98348695638649,-1.96697391277297
A2O4D0WJS54KCO,0.645939951291834,0.855516141470654,-6.75447163837436,-6.69245169078111,-9.38490338156221
A2O7H7VXLFN6BP,0.908511212358297,0.880855161318563,-4.51346964470258,-4.68660751311152,-5.37321502622304
A2OG7XGWOX5ZEF,0.371136413428925,0.370811076637709,-22.5180873704295,-22.3249549250806,-40.6499098501613
A2OJMQGSQBEKEQ,0.501169008600994,0.483789883854755,2.65979349641841,2.88027933876857,9.76055867753715
A2Q1YS118AO2BP,0.424865587014978,0.369006784647435,-11.3734625675029,-11.1715544319845,-18.343108863969
A2Q3KN46PUMMX2,0.166329995644837,0.398644055354436,-36.0976727842674,-36.0032485372325,-68.006497074465
A2Q49PGT1MQAPI,0.749072420824878,0.407829957996498,0.140421448587208,0.297161066682243,4.59432213336449
A2R2YZTSME1K3F,0.230015491665548,0.627413557606257,-1.33936478727366,-1.20103559893826,1.59792880212348
A2R8DAX6L4RWDZ,0.310458411280424,0.255595089611834,-3.3164717093422,-3.18140960837949,-2.36281921675898
A2RBF3IIJP15IH,0.142986171101407,0.124530432613276,-14.0626267365948,-14.1505134567852,-24.3010269135704
A2RDNYV4SH5E89,0.158731206062052,0.803411577051689,-14.0631430632928,-14.0597116982674,-24.1194233965349
A2S4YDJ9UGAXFQ,0.461894549541732,0.442296935119894,-25.6682132708037,-25.4513626296392,-46.9027252592784
A2SOKKU8ZSBTFY,0.103475604966717,0.73360394316207,-10.3924512015781,-10.4192774556292,-16.8385549112584
A2SVNXNMD7E7EH,0.137439016260274,0.254116370163806,-19.1888792893799,-19.1727788954512,-34.3455577909023
A2T1K94BLNDBAH,0.391002089816157,0.91677218184708,-31.7851060782971,-31.8115016188717,-59.6230032377434
A2T2RV6G8AMC7Y,0.200829536066913,0.246838516102787,-7.11414530635552,-7.04132557677181,-10.0826511535436
A2TFDYPX60P7Z5,0.218188999950436,0.636427676419479,-10.1258198202052,-9.99704429667129,-15.9940885933426
A2V3GBDTA9KEU0,0.348818770256591,0.592158849415601,-21.7786589771323,-21.5840495590148,-39.1680991180297
A2VBSFSJXLZZ7A,0.708270416468925,0.206952277407851,2.31130079366648,2.40971655073714,8.81943310147428
A2VM2EU6AHX5IC,0.550515202374098,0.499141535472852,-49.3969301602967,-49.1782854079596,-94.3565708159193
A2W547SNOCMC25,0.547423050952711,0.765993145504182,-26.3690096914177,-26.216658242422,-48.433316484844
A2WCV7ULUPKVNQ,0.456044129032594,0.0291381628714171,-3.0434942344484,-3.26014532755779,-2.52029065511557
A2WTNZHRALOHX8,0.734001897755679,0.240135064420266,-10.5633354218128,-10.4550560354765,-16.910112070953
A2WYCY1FMQOD5F,0.543853572997654,0.427003910672583,-10.1281038300151,-9.91325985296787,-15.8265197059357
A2XFO0X6RCS98M,0.091136828662669,0.224106430209576,-14.0447885052582,-14.1176391280347,-24.2352782560694
A2YGAEODJ5SSF6,0.682301814455964,0.500392429034197,23.9774133059534,24.1695819904821,52.3391639809642
A2YM9Y5ZZ3MHPC,0.282431680125575,0.221650195913798,-19.234509780004,-19.1299827320049,-34.2599654640098
A2YTO4EY3MNYAJ,0.129982247274025,0.776292342673761,-5.31842331931058,-5.32925638232395,-6.6585127646479
A2Z6NL0CTXY0ZB,0.48750431932612,0.80162839608568,-8.21261882540394,-8.08253231433557,-12.1650646286711
A2Z750U1HCWVEE,0.737575127094653,0.170133486382296,47.3310273868339,47.3862743679032,98.7725487358065
A2ZDCJ7QZ7AC6P,0.790107483371102,0.603228114138839,-10.873446931653,-10.7435518479509,-17.4871036959018
A2ZZ036CZCJJR0,0.284378442904757,0.257637522812503,0.975732912129291,1.10171342516701,6.20342685033401
A306GWTM2KVPJ0,0.375868473689778,0.350695241795165,-20.9224075628179,-20.7331127449541,-37.4662254899083
A3083883A6RJES,0.101619556029177,0.3813970819858,-36.8247436558326,-36.8171060236077,-69.6342120472155
A315ZG72CPNAHV,0.902323981770011,0.211730796661266,-11.9051341199757,-11.9737663375498,-19.9475326750995
A31XVMN754ZGGA,0.318001184506361,0.863174160374456,-14.6241650434295,-14.5818725855097,-25.1637451710193
A3209D1227UCYP,0.271748158648738,0.221922927853109,-18.9313348946751,-18.8313884313773,-33.6627768627547
A32CRWJESR6AX4,0.0957972575375511,0.115665035784843,-12.1194950470427,-12.2895198720194,-20.5790397440387
A33249GFIAKI1G,0.738884164351077,0.778558526853791,-23.8956123055374,-23.8010599681665,-43.602119936333
A33E7T0TUL24E8,0.223234230279024,0.8322857341448,-11.9686339708452,-11.9376635939776,-19.8753271879553
A34D413HR7ZIFM,0.278121450347864,0.673552652089974,-5.7057141292886,-5.55455341872421,-7.10910683744843
A35BY30TC8WCL4,0.202096543092208,0.394574683492876,-26.7558128428933,-26.6319075060065,-49.263815012013
A36470UBRH28GO,0.709515048218413,0.713746534855632,-4.21583971561705,-4.07412112468027,-4.14824224936054
A3696JXTRKL2FI,0.0884298902228016,0.817848771426841,-28.0980550614307,-28.2072656282954,-52.4145312565909
A36LOA6VLJU157,0.754331287806344,0.712932435216576,-17.8463976469544,-17.7256028981784,-31.4512057963569
A3770CWO9OHZDN,0.174705623324504,0.284850075784817,-19.2371962807608,-19.1675259500564,-34.3350519001129
A37C9M7J88EWEB,0.447857309915797,0.176798620411942,-1.10879664515307,-0.998487184646351,2.0030256307073
A37EV8RZ82WT8E,0.911926183359891,0.0947115656532007,-8.92146897964182,-9.14189338534684,-14.2837867706937
A37LY5UTJV2KYZ,0.365464181307498,0.956782402250785,-41.3034952355862,-41.457707299667,-78.9154145993339
A37S96RT1P1IT2,0.282985348298682,0.764652965382006,-21.9735166190965,-21.8603109058929,-39.7206218117859
A38DXFI1TZA295,0.237948443279748,0.934838913841663,-12.4046350944152,-12.5305633285016,-21.0611266570031
A38IKAJN1GUHB,0.14611530920528,0.197801918570599,-8.34978897417309,-8.35901540412058,-12.7180308082412
A39K9RKR1YHQOR,0.0943342845410782,0.790620433285672,-10.6798357686859,-10.7563286525198,-17.5126573050397
A3ACUGH5N9VQO2,0.883282009241083,0.573512823371313,-19.8398647277174,-19.800700383618,-35.6014007672359
A3AIX82WZQZB5A,0.809580431731099,0.592827990741904,54.881490248797,54.9984782372412,113.996956474482
A3AO2N7BNFDGF3,0.664154975432674,0.0983991522908697,-9.21837475039138,-9.22769008303067,-14.4553801660613
A3AY0315YWWNXY,0.80663567637416,0.641275202959813,-21.499543980385,-21.3898407147204,-38.7796814294409
A3AZJGI9D7C0PD,0.648349989988805,0.597898977023679,-17.3092115446579,-17.114762320393,-30.229524640786
A3B7TNVOISSZ2O,0.365906723169991,0.559079647957682,-19.2316556238856,-19.0286986998398,-34.0573973996795
A3BKT9H4GNKLY7,0.589441145268356,0.382573437630118,-12.5199195188864,-12.3170737509143,-20.6341475018287
A3BUWQ5C39GRQC,0.0996364488465224,0.0702592210000513,-9.69371314742773,-9.94641755533642,-15.8928351106728
A3CPZZNZDLFL6Z,0.430582585919973,0.512361846589925,-8.13894516126965,-7.92226284970195,-11.8445256994039
A3CQDCNYJAX2X3,0.062862198021615,0.0613112594650399,-16.6401621704021,-17.0023068316778,-30.0046136633555
A3DDFEQ9K0H93C,0.0285013807104616,0.0842647470057825,-29.7765244165839,-30.2310169808535,-56.4620339617071
A3DS5B06ZCD3E3,0.762063891057238,0.172051388730074,-11.240981835457,-11.1970156778983,-18.3940313557965
A3E3OELJKHW58C,0.736173559765522,0.462595463853464,-17.9432338405995,-17.774150768781,-31.5483015375621
A3E8SXH0BAYG85,0.0242606901029229,0.0343664949355433,-5.71805771552917,-6.37266307927373,-8.74532615854746
A3EBUBRYCKB6AF,0.850267515963754,0.3399222672819,-9.42639211589796,-9.36228616267095,-14.7245723253419
A3EJ44J2ZNRMDA,0.330334595352594,0.217760264439781,-20.1134507626143,-19.9939519265422,-35.9879038530843
A3EQR9C0L23O6E,0.289247090873593,0.292277633838152,7.31623308789274,7.45991630602985,18.9198326120597
A3G5FY6NGZWIY7,0.526294753138186,0.918206195323076,-18.3364562615561,-18.3568314415277,-32.7136628830554
A3G7GSX2R7723Z,0.69773051821007,0.240339436616169,-7.04399938218761,-6.92017343162123,-9.84034686324246
A3H48TMCITL94X,0.172509519092259,0.397494473324911,-35.1085009299386,-35.0084645701168,-66.0169291402336
A3IW9415ZOO0EX,0.279985919038692,0.185906866290747,-32.5899425449125,-32.5126656261382,-61.0253312522765
A3JODCUHJMCSA2,0.351187890448738,0.953287580693243,-34.7849897882454,-34.927900759138,-65.855801518276
A3JUUZNOBV9ODB,0.0727638773710442,0.115497974384942,-6.4443801327213,-6.66462821340865,-9.3292564268173
A3JVLFHF518XR9,0.56281207906745,0.082300179811382,-4.38825258469434,-4.41013129266177,-4.82026258532355
A3K4MDM191NKF6,0.39086304351503,0.668990039527057,10.7268627657081,10.9135371463561,25.8270742927122
A3KX8PBHVFQZ3U,0.659986686225701,0.134415938784964,-11.9914815565647,-11.9453611858402,-19.8907223716803
A3L1KOIOS6TZ6D,0.549497101480224,0.888163526699667,-25.3965757830183,-25.362452674831,-46.724905349662
A3LKPARORDKLWT,0.489710692789088,0.725974130522982,-4.52051302234204,-4.34559633558428,-4.69119267116855
A3MJ47AD05HGC,0.133618241925548,0.788916887274171,-46.1130629024125,-46.1276070477235,-88.2552140954471
A3MZLFTQM5XWK,0.0893869863414873,0.0501711177881337,-10.4115663852294,-10.7467927071693,-17.4935854143387
A3N0Q5MZ1XCF8K,0.0391326470190602,0.0461437751275231,-26.583228266476,-27.088803790599,-50.177607581198
A3N0QZ9ZKUCTCQ,0.677967159229063,0.697050247823532,-4.15119229971943,-3.99134615070323,-3.98269230140646
A3N7R7P9HP2YB6,0.271346787369149,0.312021389726384,-3.34591465016901,-3.20261885504419,-2.40523771008839
A3NS1DN6J7Z3EU,0.331525089347663,0.422485998076317,3.81987580649926,4.01160485813494,12.0232097162699
A3NS22CC45PE4P,0.382973295609613,0.224667712172952,40.6863030001029,40.8234721294791,85.6469442589582
A3OV174HQJIJK8,0.166242975959085,0.769218434035452,-14.7916019816052,-14.757343381778,-25.514686763556
A3OW5EFQ5QFD19,0.294548012690557,0.92844526030603,-11.2033090349375,-11.2846472719847,-18.5692945439695
A3P9OTCAYB6E9V,0.284081000776846,0.424658581944203,-30.8356134980396,-30.6607875988994,-57.3215751977988
A3QJJR5Y3XE92N,0.660265135808267,0.494323925325771,-19.6257727554799,-19.4267831148112,-34.8535662296224
A3RAQZNM5V6A2M,0.433054434976519,0.590837052866908,-39.43676009653,-39.2263932197205,-74.452786439441
A3RL02A3JRAUS4,0.625816484479142,0.744046932922257,2.97561550512468,3.12880663550794,10.2576132710159
A3RRDLX4HYGGPR,0.0625668469918998,0.851972759437995,1.70892157284671,1.50279872605205,7.0055974521041
A3RUUTINBKU8YE,0.432172209731447,0.910679148636814,-14.340782658744,-14.3483582918339,-24.6967165836678
A3SBP4J5K9LS7X,0.37174997344121,0.859522136978012,-39.5899842257086,-39.5284561978772,-75.0569123957544
A3SDFAOJW87FGP,0.422775789875896,0.737995624418028,-36.2665535663402,-36.10206841242,-68.2041368248399
A3SHP9IPZ2FLOX,0.284727866027677,0.908355953595135,-4.67998215998772,-4.72022232256054,-5.44044464512108
A3SO3B7PJ4N6UQ,0.865513392470101,0.639031968775512,-21.3552558143455,-21.3035387624707,-38.6070775249414
A3SX229VS1X6B6,0.39058104857324,0.224889717776367,-11.4560841908251,-11.317322024944,-18.6346440498881
A3T9LVCYQIS4UT,0.480059717301355,0.77579422951698,-28.8726392298984,-28.7248132408716,-53.4496264817433
A3TGY06F7XQ9LL,0.00938493390122234,0.00624547038730793,-24.7481930192044,-25.9250265688553,-47.8500531377107
A3TMUAPCRFG63N,0.299734720432682,0.781345739364407,-7.8811110517829,-7.77152695885798,-11.543053917716
A3TOQ0247CDV5J,0.00465629465923287,0.150736381721584,-23.8666325007337,-24.5773796706862,-45.1547593413723
A3TOUB8313BPVS,0.611586513567137,0.455819938913572,-15.4561340853552,-15.2472223178156,-26.4944446356313
A3U09DYXZHLDGV,0.830109268034201,0.934892075768035,-5.24830827313423,-5.42465945559823,-6.84931891119646
A3U3L1XQYR362A,0.358879032458348,0.429868448769067,-8.13153474712303,-7.93141398831511,-11.8628279766302
A3U5CRG5S8I800,0.281564287855718,0.766167841095617,-15.4859286290395,-15.374229472961,-26.748458945922
A3VDFWL4MI3KPA,0.787543935685034,0.793006498383304,-8.01924886802489,-7.96300344885714,-11.9260068977143
A3VE5OH94HYHET,0.745699670276372,0.938704755138012,-8.7462457812725,-8.87462656459778,-13.7492531291956
A3W6T1WDYXMR3,0.180960222393859,0.394560531734292,-25.5658577829418,-25.4588195915536,-46.9176391831072
A4J4GGMKJ68L0,0.047074542880928,0.124619099626506,-13.5738462209386,-13.8625974324229,-23.7251948648458
A4Y0U84ELE1EK,0.615478323278056,0.32749455444654,-7.87485639568608,-7.69046930858193,-11.3809386171639
A5CIY4V1VV1DR,0.0646098290766999,0.142302224693328,-26.9892398308236,-27.195922004607,-50.3918440092139
A5KZLEGBMV0DY,0.497325502942211,0.487519303515927,-18.1995762885809,-17.9790094036131,-31.9580188072262
A5YVMQWA2IYPF,0.330941556454573,0.454421058723003,-2.44014529361015,-2.2453975263191,-0.490795052638191
A8028AFBBS29G,0.304224474915645,0.178935126386354,-18.8589356352384,-18.7778411811155,-33.555682362231
A8KHWKKGAGOH0,0.800563554953546,0.226686957700247,-16.894242647357,-16.8342187656839,-29.6684375313678
A9HQ3E0F2AGVO,0.233007391535475,0.912146027959723,-2.55860619251697,-2.63259071801105,-1.26518143602209
A9LSEP71DNP4O,0.792840107420068,0.656809607019284,-16.5172412426062,-16.4012720500574,-28.8025441001147
A9O273N0X06JS,0.463827563657661,0.512649361424928,-0.733303513715032,-0.513783804270453,2.97243239145909
AA3R1CNZAEH2O,0.373042845134263,0.785162521542982,-17.8328324732189,-17.7041528830131,-31.4083057660261
AAE6DGZOC9EWQ,0.210271908387021,0.617415045265844,-54.205057943564,-54.0775306805555,-104.155061361111
AAHZCL4LIPCBQ,0.517493122368158,0.483251148715801,-4.78588505991501,-4.56565730208498,-5.13131460416996
AAO99PANYUZQ3,0.287345385948142,0.362409081124989,-35.5976012781107,-35.4325600293447,-66.8651200586894
AASDDAZ8CP830,0.269439963462801,0.78936199776657,-27.5226668113001,-27.4313514173565,-50.862702834713
AAWMZ1HKXEFNY,0.00700370465514118,0.00707515135074665,-31.5703682347362,-32.7804754541169,-61.5609509082338
ABO9F0JD9NN54,0.567121996522363,0.471273335503739,-12.1554963811969,-11.9390975524654,-19.8781951049309
ABUXM7VAW5SKJ,0.12983047900323,0.528531381567846,-14.3716034276279,-14.3104181736418,-24.6208363472835
ACQ1B7MAA7NCV,0.573608267622969,0.592697670661561,-3.35119155694494,-3.14187170353835,-2.2837434070767
ACVJ6IUO9QM4R,0.942285604519667,0.672422502412043,0.408690334899859,0.298986431955271,4.59797286391054
AD1DGG7ZDRAIT,0.665194521350089,0.443181408169437,-18.9971205860432,-18.8021402247059,-33.6042804494118
AE608VRXK6M2E,0.641018587391155,0.842521036058074,-10.735764838643,-10.6583501402624,-17.3167002805247
AEX9MA72M10DC,0.859641400212756,0.623421785650383,-9.50771167782843,-9.44528790007974,-14.8905758001595
AFDC9A6Z60W2Z,0.236692379372726,0.241384170625252,-53.9267954953065,-53.8333231791526,-103.666646358305
AFHYKBNXB3FQ2,0.323999346307206,0.942622713188061,44.227496451392,44.1155572684482,92.2311145368964
AFQAKV1GPPP9H,0.599974414417914,0.91306296002267,-4.48564591592784,-4.50255422687148,-5.00510845374296
AGBDM85RLYTGL,0.391088689604737,0.911453047770619,2.21790433276296,2.20275111734956,8.40550223469913
AGVUHOBSCP6YC,0.16106041751842,0.298669480751522,-19.9693498421476,-19.9070920463556,-35.8141840927112
AHAJG2TJ4P3G2,0.737742637180346,0.152883399436468,-7.5956444201074,-7.55774659038738,-11.1154931807748
AHDBHMH3AY1V2,0.316825431679387,0.0675785305848229,-52.24468802336,-52.3284419173381,-100.656883834676
AHGO6IGU4VYIY,0.69882371558569,0.848903508186119,-15.3637045667318,-15.3109020952429,-26.6218041904858
AHPQVIEIBZOAS,0.0513095856902199,0.0314291930180537,-14.4619852558054,-14.989670698546,-25.979341397092
AI1MF6MS74XFY,0.173399800667617,0.254571167953772,-4.11706175614978,-4.06275874252351,-4.12551748504701
AIPHJXQEDNW9L,0.73569173075368,0.566047826427712,11.386520546058,11.5534393673597,27.1068787347193
AIQT0DPRTXYYD,0.565862974753515,0.620966605031836,-6.52244723170916,-6.31731369310258,-8.63462738620515
AJ34WB9Z37ILU,0.294779542646381,0.505024230818311,-11.7087159436586,-11.5249344732413,-19.0498689464826
AJ3OINJVF6J7P,0.61164759265166,0.195190679275455,4.21147355928361,4.32901469807692,12.6580293961538
AJD3JOWNVDZD1,0.471838319436696,0.574581557849228,195.5680633136,195.78362492294,395.56724984588
AJDXSXAWDDAEO,0.100625088168187,0.885776291340545,-54.292737851816,-54.4561820901743,-104.912364180349
AJZ9B93NZ2IST,0.357632478229657,0.211652490501471,-14.4677719220647,-14.3448509015001,-24.6897018030002
AK81F0NOBFJS3,0.131827756040601,0.787808734404542,-5.84311489468767,-5.85917816767685,-7.7183563353537
AKA9XW7UANMPJ,0.87070947055758,0.531645705881583,-8.36745041052212,-8.30712507873653,-12.6142501574731
AKLV0WIZZ356X,0.34731472730936,0.689057757006718,-8.33028364379542,-8.16002112575076,-12.3200422515015
AKSJ3C5O3V9RN,0.445481971269199,0.867009915186861,-13.8600451357282,-13.7965181369238,-23.5930362738476
ALBUUWRN9Q07U,0.556619851838515,0.839374751094532,-31.4609387772205,-31.3663197324878,-58.7326394649757
ALEJV7D94ZLHF,0.203066531168184,0.889005180533269,-3.98615686479435,-4.03836779206528,-4.07673558413056
ALJMDVY95Y5G4,0.217756514330693,0.154359999464226,-40.0113279991178,-39.9973322458658,-75.9946644917317
ALY6JTDRJKD92,0.620054515223747,0.921487207588853,-29.2264311420074,-29.2656032302254,-54.5312064604509
AM2WGEJDWJY1I,0.48640002250743,0.666666664318551,-31.041386665916,-30.8443940341531,-57.6887880683062
AMDX0UNZS4A1G,0.150390293697117,0.165178317502747,-29.1828319784228,-29.2153702570051,-54.4307405140102
AMG9Y1YLBTKIV,0.762076673673717,0.0218525200016692,-32.1321045973918,-32.4674993479257,-60.9349986958514
AMTTB8JUWRRM7,0.952319958642521,0.382218095619935,-16.4490047588121,-16.5808858119353,-29.1617716238706
AMVGN8T83V5OT,0.564068063009415,0.578078698628233,0.40727236452818,0.619721120225264,5.23944224045053
AN22ISWT92XQ8,0.478984155978358,0.913553775802673,-6.39751981064479,-6.40764647919039,-8.81529295838078
ANAP6CHXLL226,0.393269996086754,0.937479111224527,-22.6604823568666,-22.7392164802449,-41.4784329604899
ANKCM4EYXW96O,0.686863717610795,0.743905564903549,-5.67599023520809,-5.53973250077251,-7.07946500154502
ANN3SQMLKLP4X,0.0191333497812393,0.628516009544089,-15.4078267044489,-15.718668590452,-27.4373371809041
ANVXAMUEBGV8N,0.304225741027871,0.384504098002276,-7.26950763613387,-7.09306125507556,-10.1861225101511
AO63KMU3PGNJA,0.299750121820877,0.420220404743471,-12.8709403511479,-12.6903668073307,-21.3807336146614
AOXM7IK32TST5,0.191427845525801,0.369909193262776,-25.2844982516579,-25.1737069958659,-46.3474139917318
APNTEGPF7QZQI,0.63887609076919,0.666816004411702,-30.7865910321484,-30.6055521120595,-57.2111042241191
APQEIT0TSFYOD,0.290357873058937,0.599544267445822,-16.4486577526362,-16.2747173617304,-28.5494347234608
AQ2INPVVXR1G0,0.46985410246267,0.544591494636354,-23.8239584332794,-23.6055865983773,-43.2111731967545
AQRAFARKOGE7R,0.653287073973026,0.798000562129626,-6.6398813673602,-6.52669298415822,-9.05338596831643
AQVQHML14YYJH,0.122536894458505,0.100326116706648,-14.7597681261366,-14.9115762511861,-25.8231525023722
AR1IWBDA7MC86,0.888126240456791,0.688444585204012,-12.6230429437928,-12.6175327556877,-21.2350655113755
AR22D9E55HQBF,0.219438074669424,0.290478918158509,-31.5772525898186,-31.470800735544,-58.9416014710879
ARM1KHL1WNDJ5,0.648867082011906,0.213882283868885,-18.2068825813213,-18.0840867870912,-32.1681735741824
ARVXIBUCA8WDZ,0.611047183733538,0.744833288263296,-23.6212737155916,-23.4655209851568,-42.9310419703137
ARWF605I7RWM7,0.899022177705768,0.531146750423831,-20.376139396373,-20.3588212580565,-36.717642516113
AS7WV8YWOEO55,0.296151979965563,0.389281354337129,-34.2312732080443,-34.0569876362984,-64.1139752725967
AS8BGRD5QFUTQ,0.657548456812393,0.408828434232154,-3.02163353058689,-2.82861265038611,-1.65722530077223
ASRPEZ6XUT13S,0.184576127334499,0.344551268969589,-23.8210812268526,-23.7222038356781,-43.4444076713563
AT3C00TKZK13L,0.884228047584794,0.580382704287067,118.249981419695,118.28686583073,240.57373166146
AV0NB9Q2CBS88,0.210112636738968,0.536706236321866,-28.0765736687455,-27.9388936190124,-51.8777872380248
AVJUIF9QHQRY8,0.346210799115872,0.0632302320002842,80.4942205582868,80.4070419187415,164.814083837483
AVTT2LICCMN6E,0.818478691330273,0.687718828677953,5.56194024252514,5.64817191622835,15.2963438324567
AVX3SWFMBEPMZ,0.506785992560131,0.584659642781258,-9.63180833370641,-9.41696551722511,-14.8339310344502
AVZOC3OGBQRX2,0.666640571713627,0.583627975378495,-31.2248633915111,-31.0333895694373,-58.0667791388745
AW2LIJBEY8QUE,0.0904870983494647,0.0719667844247094,-24.8968883080611,-25.1623997915184,-46.3247995830368
AW2TBYJM32KBE,0.856736574473184,0.142501441093121,-18.9386856037931,-19.0034373873581,-34.0068747747162
AWH1ADU3OJMMK,0.504501555882631,0.910277467737397,-6.01973182315159,-6.02279973472881,-8.04559946945763
AWPB724OHY99T,0.557098637054572,0.753808676742016,-19.1196857465625,-18.9612075727019,-33.9224151454037
AWTGJ45ZWUCHH,0.221996117755623,0.59059442231764,-25.3823075157946,-25.2422512879344,-46.4845025758688
AWW4I36TBGE2D,0.0719059091477077,0.46175607242697,-16.8332545209118,-16.8778757012029,-29.7557514024057
AXF0OX50YZQC6,0.160681355007792,0.156143120746349,-22.1119076963614,-22.1427429943561,-40.2854859887123
AYA4YHEEEO1T8,0.230702524761718,0.364190749346719,-23.2157882579227,-23.0789408356686,-42.1578816713372
AYDILOZLKOAS8,0.330321173649408,0.213401980576012,-22.5262369133539,-22.4096744055464,-40.8193488110928
AYXIDCIGUA037,0.096923746388223,0.142199773976607,-15.4697996378101,-15.6025217145425,-27.205043429085
AZ9VAMDM5PEOR,0.589649238245728,0.90425710455414,-12.1967193339908,-12.1946444896568,-20.3892889793135
AZGBKAM5JUV5A,0.203665324037761,0.207083904270381,-22.0323008264817,-21.9822222290484,-39.9644444580969
